Position,Track Name,Artist,Streams,date,region,spotify_id
1,Dance Monkey,Tones And I,50241241,2020-01-03--2020-01-10,global,1rgnBhdG2JDFTbYkYRZAku
2,Yummy,Justin Bieber,36772939,2020-01-03--2020-01-10,global,41L3O37CECZt3N7ziG2z7l
3,ROXANNE,Arizona Zervas,33546219,2020-01-03--2020-01-10,global,696DnlkuDOXcMAnKlTgXXK
4,The Box,Roddy Ricch,32333490,2020-01-03--2020-01-10,global,0nbXyq5TXYPCO7pr3N8S4I
5,Tusa,KAROL G,29519007,2020-01-03--2020-01-10,global,7k4t7uLgtOxPwTpFmtJNTY
6,Blinding Lights,The Weeknd,29198353,2020-01-03--2020-01-10,global,0sf12qNH5qcw8qpgymFOqD
7,Falling,Trevor Daniel,28253241,2020-01-03--2020-01-10,global,4TnjEaWOeW0eKTKIEvJyCa
8,Don't Start Now,Dua Lipa,27338884,2020-01-03--2020-01-10,global,6WrI0LAC5M1Rw2MnX2ZvEg
9,Memories,Maroon 5,27008690,2020-01-03--2020-01-10,global,2b8fOow8UzyDFAE27YhOZM
10,Circles,Post Malone,26365136,2020-01-03--2020-01-10,global,21jGcNKet2qwijlDFuPiPb
11,everything i wanted,Billie Eilish,23713150,2020-01-03--2020-01-10,global,3ZCTVFBt2Brf31RLEnCkWJ
12,Señorita,Shawn Mendes,21757299,2020-01-03--2020-01-10,global,6v3KW9xbzN5yKLt9YKDYA2
13,RITMO (Bad Boys For Life),Black Eyed Peas,20528253,2020-01-03--2020-01-10,global,6cy3ki60hLwimwIje7tALf
14,Someone You Loved,Lewis Capaldi,19959201,2020-01-03--2020-01-10,global,7qEHsqek33rTcFNT9PFqLf
15,My Oh My (feat. DaBaby),Camila Cabello,19300578,2020-01-03--2020-01-10,global,3yOlyBJuViE2YSGn3nVE1K
16,Adore You,Harry Styles,19186086,2020-01-03--2020-01-10,global,3jjujdWJ72nww5eGnfs2E7
17,bad guy,Billie Eilish,17816634,2020-01-03--2020-01-10,global,2Fxmhks0bxGSBdJ92vM42m
18,Lose You To Love Me,Selena Gomez,17572597,2020-01-03--2020-01-10,global,1HfMVBKM75vxSfsQ5VefZ5
19,hot girl bummer,blackbear,16238889,2020-01-03--2020-01-10,global,7aiClxsDWFRQ0Kzk5KI5ku
20,Ride It,Regard,15539132,2020-01-03--2020-01-10,global,2tnVG71enUj33Ic2nFN6kZ
21,Watermelon Sugar,Harry Styles,15046960,2020-01-03--2020-01-10,global,6UelLqGlWMcVH1E5c4H7lY
22,Vete,Bad Bunny,14566103,2020-01-03--2020-01-10,global,5DxXgozhkPLgrbKFY91w0c
23,BOP,DaBaby,14405376,2020-01-03--2020-01-10,global,6Ozh9Ok6h4Oi1wUSLtBseN
24,Before You Go,Lewis Capaldi,13868353,2020-01-03--2020-01-10,global,2gMXnyrvIjhVBUZwvLZDMP
25,HIGHEST IN THE ROOM,Travis Scott,13543851,2020-01-03--2020-01-10,global,3eekarcy7kvN4yt5ZFzltW
26,No Idea,Don Toliver,13518622,2020-01-03--2020-01-10,global,3VyjsVV24RmBIbWJAeUJNu
27,Heartless,The Weeknd,13269565,2020-01-03--2020-01-10,global,57vxBYXtHMk6H1aD29V7PU
28,Sunflower - Spider-Man: Into the Spider-Verse,Post Malone,13163070,2020-01-03--2020-01-10,global,0RiRZpuVRbi7oqRdSMwhQY
29,I Don't Care (with Justin Bieber),Ed Sheeran,12813311,2020-01-03--2020-01-10,global,0hVXuCcriWRGvwMV1r5Yn9
30,China,Anuel AA,12514282,2020-01-03--2020-01-10,global,2ksOAxtIxY8yElEWw8RhgK
31,Bandit (with YoungBoy Never Broke Again),Juice WRLD,12474717,2020-01-03--2020-01-10,global,6Gg1gjgKi2AK4e0qzsR7sd
32,Futsal Shuffle 2020,Lil Uzi Vert,11944895,2020-01-03--2020-01-10,global,2Ec33AVlkTTq8BHFgBTdQs
33,Fantasias,Rauw Alejandro,11762509,2020-01-03--2020-01-10,global,6mAN61JH0dzyZpWslS11jy
34,Lose Control,MEDUZA,11755653,2020-01-03--2020-01-10,global,7CHi4DtfK4heMlQaudCuHK
35,Beautiful People (feat. Khalid),Ed Sheeran,11732877,2020-01-03--2020-01-10,global,70eFcWOvlMObDhURTqT4Fv
36,Lucid Dreams,Juice WRLD,11544388,2020-01-03--2020-01-10,global,285pBltuF7vW8TeWk8hdRR
37,Ayy Macarena,Tyga,11467917,2020-01-03--2020-01-10,global,6LcauUZjF1eXQrgqMUecHX
38,HIGHEST IN THE ROOM (feat. ROSALÍA & Lil Baby) - REMIX,Travis Scott,11407061,2020-01-03--2020-01-10,global,7h0d2h0fUmzbs7zeFigJPn
39,How Do You Sleep?,Sam Smith,11167592,2020-01-03--2020-01-10,global,6b2RcmUt1g9N9mQ3CbjX2Y
40,Sigues Con El,Dímelo Flow,10960019,2020-01-03--2020-01-10,global,7sQKy5vlPQllr0k9IjYJv3
41,South of the Border (feat. Camila Cabello & Cardi B),Ed Sheeran,10739494,2020-01-03--2020-01-10,global,4vUmTMuQqjdnvlZmAH61Qk
42,Ballin' (with Roddy Ricch),Mustard,10698504,2020-01-03--2020-01-10,global,3QzAOrNlsabgbMwlZt7TAY
43,Hola - Remix,Dalex,10642027,2020-01-03--2020-01-10,global,5stPVcRqb4qixbafP9e8lt
44,"10,000 Hours (with Justin Bieber)",Dan + Shay,10407472,2020-01-03--2020-01-10,global,2wrJq5XKLnmhRXHIAf9xBa
45,Suicidal,YNW Melly,10385449,2020-01-03--2020-01-10,global,1iSqfoUFnQwV0QW1EfUit8
46,Trampoline (with ZAYN),SHAED,10185403,2020-01-03--2020-01-10,global,1iQDltZqI7BXnHrFy4Qo1k
47,7 rings,Ariana Grande,10083773,2020-01-03--2020-01-10,global,6ocbgoVGwYJhOv1GgI9NsF
48,LA CANCIÓN,J Balvin,9977833,2020-01-03--2020-01-10,global,0fea68AdmYNygeTGI4RC18
49,Lalala,Y2K,9728409,2020-01-03--2020-01-10,global,51Fjme0JiitpyXKuyQiCDo
50,Falling,Harry Styles,9315200,2020-01-03--2020-01-10,global,1ZMiCix7XSAbfAJlEZWMCp
51,Callaita,Bad Bunny,9303265,2020-01-03--2020-01-10,global,2TH65lNHgvLxCKXM3apjxI
52,Old Town Road - Remix,Lil Nas X,9218687,2020-01-03--2020-01-10,global,2YpeDb67231RjR0MgVLzsG
53,Whine Up,Nicky Jam,9093921,2020-01-03--2020-01-10,global,2pWOMNQJW3g2zmGjP0Vkb0
54,Goodbyes (Feat. Young Thug),Post Malone,9038139,2020-01-03--2020-01-10,global,6vBdBCoOhKHiYDDOcorfNo
55,Say So,Doja Cat,8841919,2020-01-03--2020-01-10,global,3Dv1eDb0MEgF93GpLXlucZ
56,when the party's over,Billie Eilish,8826400,2020-01-03--2020-01-10,global,43zdsphuZLzwA9k4DJhU0I
57,No Me Conoce - Remix,Jhay Cortez,8749832,2020-01-03--2020-01-10,global,4R8BJggjosTswLxtkw8V7P
58,Own It (feat. Ed Sheeran & Burna Boy),Stormzy,8655809,2020-01-03--2020-01-10,global,4QPEwDdOMhY7rNS05mTyMR
59,Shallow,Lady Gaga,8603185,2020-01-03--2020-01-10,global,2VxeLyX666F8uXCJ0dZF8B
60,lovely (with Khalid),Billie Eilish,8542781,2020-01-03--2020-01-10,global,0u2P5u6lvoDfwTYjAADbn4
61,SUGAR,BROCKHAMPTON,8499350,2020-01-03--2020-01-10,global,6U0FIYXCQ3TGrk4tFpLrEA
62,Ransom,Lil Tecca,8486965,2020-01-03--2020-01-10,global,1lOe9qE0vR9zwWQAOk6CoO
63,Roses - Imanbek Remix,SAINt JHN,8443934,2020-01-03--2020-01-10,global,24Yi9hE78yPEbZ4kxyoXAI
64,Adicto (with Anuel AA & Ozuna),Tainy,8395806,2020-01-03--2020-01-10,global,3jbT1Y5MoPwEIpZndDDwVq
65,If the World Was Ending - feat. Julia Michaels,JP Saxe,8344909,2020-01-03--2020-01-10,global,2kJwzbxV2ppxnQoYw4GLBZ
66,Yellow Hearts,Ant Saunders,8344514,2020-01-03--2020-01-10,global,2W4yABdLc4Jnds67Poi5Nl
67,Que Tire Pa Lante,Daddy Yankee,8306643,2020-01-03--2020-01-10,global,6RyaV7owmVU6fzEPE17sF1
68,OUT WEST (feat. Young Thug),JACKBOYS,8242535,2020-01-03--2020-01-10,global,6gi6y1xwmVszDWkUqab1qw
69,Mean It,Lauv,8197020,2020-01-03--2020-01-10,global,5ACkb3CikcSZPF0h7FSZAp
70,Lights Up,Harry Styles,8087034,2020-01-03--2020-01-10,global,4jAIqgrPjKLTY9Gbez25Qb
71,Good as Hell (feat. Ariana Grande) - Remix,Lizzo,8064265,2020-01-03--2020-01-10,global,07Oz5StQ7GRoygNLaXs2pd
72,VIBEZ,DaBaby,8057221,2020-01-03--2020-01-10,global,0fySG6A6qLE8IvDpayb5bM
73,It's You,Ali Gatie,7909466,2020-01-03--2020-01-10,global,5DqdesEfbRyOlSS3Tf6c29
74,Happier,Marshmello,7820470,2020-01-03--2020-01-10,global,2dpaYNEQHiRxtZbfNsse99
75,Psycho,Red Velvet,7646564,2020-01-03--2020-01-10,global,3CYH422oy1cZNoo0GTG1TK
76,Wow.,Post Malone,7503821,2020-01-03--2020-01-10,global,7xQAfvXzm3AkraOtGPWIZg
77,July,Noah Cyrus,7320240,2020-01-03--2020-01-10,global,5a6pdCHlWS2ekOOQ70QnAr
78,Sucker,Jonas Brothers,7154165,2020-01-03--2020-01-10,global,22vgEDb5hykfaTwLuskFGD
79,Robbery,Juice WRLD,7143762,2020-01-03--2020-01-10,global,6Hj9jySrnFppAI0sEMCZpJ
80,Aventura,Lunay,7119890,2020-01-03--2020-01-10,global,37zdqI4r1gswIzczSBkRon
81,Blanco,J Balvin,6965009,2020-01-03--2020-01-10,global,2rc7BkzO8qepMFAxHtOrXc
82,Woah,Lil Baby,6924956,2020-01-03--2020-01-10,global,598yNsG1JFrGd4n2kMoz7F
83,Up All Night,Khalid,6901879,2020-01-03--2020-01-10,global,1mpD5Q8IM32I4bF6eCpU74
84,Look At Her Now,Selena Gomez,6789448,2020-01-03--2020-01-10,global,4yI3HpbSFSgFZtJP2kDe5m
85,Piece Of Your Heart,MEDUZA,6738632,2020-01-03--2020-01-10,global,1DFD5Fotzgn6yYXkYsKiGs
86,Graveyard,Halsey,6730248,2020-01-03--2020-01-10,global,6V9fHiv84WlVTg7CSnIVY2
87,Indeciso,Reik,6722092,2020-01-03--2020-01-10,global,59s0s39NFWScuHDbHytI14
88,Money In The Grave (Drake ft. Rick Ross),Drake,6718783,2020-01-03--2020-01-10,global,5ry2OE6R2zPQFDO85XkgRb
89,rockstar (feat. 21 Savage),Post Malone,6691334,2020-01-03--2020-01-10,global,0e7ipj03S05BNilyu5bRzt
90,Truth Hurts,Lizzo,6676887,2020-01-03--2020-01-10,global,5qmq61DAAOUaW8AUo8xKhh
91,Without Me,Halsey,6609926,2020-01-03--2020-01-10,global,5p7ujcrUXASCNwRaWNHR1C
92,Hate Me (with Juice WRLD),Ellie Goulding,6609716,2020-01-03--2020-01-10,global,6kls8cSlUyHW2BUOkDJIZE
93,Bellaquita - Remix,Dalex,6593563,2020-01-03--2020-01-10,global,1Xnn1TPyr5h0hpRAT4B4EA
94,Quizas,Rich Music LTD,6576938,2020-01-03--2020-01-10,global,5Id5B3dxJZhPcV9GzgYZZe
95,Shape of You,Ed Sheeran,6570888,2020-01-03--2020-01-10,global,7qiZfU4dY1lWllzX7mPBI3
96,Bohemian Rhapsody - Remastered 2011,Queen,6562746,2020-01-03--2020-01-10,global,4u7EnebtmKWzUH433cf5Qv
97,"Alone, Pt. II",Alan Walker,6555359,2020-01-03--2020-01-10,global,0bMbDctzMmTyK2j74j3nF3
98,Believer,Imagine Dragons,6526295,2020-01-03--2020-01-10,global,0pqnGHJpmpxLKifKRmU6WP
99,SICKO MODE,Travis Scott,6452450,2020-01-03--2020-01-10,global,2xLMifQCjDGFmkHkpNLD9h
100,Sweet but Psycho,Ava Max,6344710,2020-01-03--2020-01-10,global,25sgk305KZfyuqVBQIahim
101,Tutu,Camilo,6318081,2020-01-03--2020-01-10,global,1nocRtwyNPVtGcIJqfgdzZ
102,Into the Unknown,Idina Menzel,6304985,2020-01-03--2020-01-10,global,3Z0oQ8r78OUaHvGPiDBR3W
103,"Yo x Ti, Tu x Mi",ROSALÍA,6290708,2020-01-03--2020-01-10,global,7BlBVFwvbWvcwNcUarQmjk
104,Si Te Vas,Sech,6268936,2020-01-03--2020-01-10,global,6Y4PDQv4XjYjHLeLmvyOt0
105,Dancing With A Stranger (with Normani),Sam Smith,6264493,2020-01-03--2020-01-10,global,6Qs4SXO9dwPj5GKvVOv8Ki
106,Liar,Camila Cabello,6209867,2020-01-03--2020-01-10,global,073ILU1C3APNRGF66VhtyA
107,Family,The Chainsmokers,6145132,2020-01-03--2020-01-10,global,3TKpJrY9q49Mj1JOsM9zGL
108,No Guidance (feat. Drake),Chris Brown,6133542,2020-01-03--2020-01-10,global,6XHVuErjQ4XNm6nDPVCxVX
109,"thank u, next",Ariana Grande,6093684,2020-01-03--2020-01-10,global,3e9HZxeyfWwjeyPAMmWSSQ
110,Soltera - Remix,Lunay,6074917,2020-01-03--2020-01-10,global,4t9a07PAghtQMRAIP9FQ7Z
111,Nice To Meet Ya,Niall Horan,6054877,2020-01-03--2020-01-10,global,3cphb8kdsjElYR7r5icK3H
112,Girls Like You (feat. Cardi B),Maroon 5,6029714,2020-01-03--2020-01-10,global,7fa9MBXhVfQ8P8Df9OEbD8
113,Suge,DaBaby,6026644,2020-01-03--2020-01-10,global,2gwkD6igEhQbDQegRCcdoB
114,Loco Contigo (feat. J. Balvin & Tyga),DJ Snake,5988561,2020-01-03--2020-01-10,global,6osaMSJh9NguagEDQcZaKx
115,Never Seen the Rain,Tones And I,5965220,2020-01-03--2020-01-10,global,2grAr8pWMuLWn8ZYEE9wDV
116,bury a friend,Billie Eilish,5963315,2020-01-03--2020-01-10,global,4SSnFejRGlZikf02HLewEF
117,Hot (Remix) [feat. Gunna and Travis Scott],Young Thug,5962573,2020-01-03--2020-01-10,global,4ea9w8c4ROqiZpJVhfBA3m
118,Bruises,Lewis Capaldi,5956240,2020-01-03--2020-01-10,global,4Of7rzpRpV1mWRbhp5rAqG
119,SAD!,XXXTENTACION,5954818,2020-01-03--2020-01-10,global,3ee8Jmje8o58CHK66QrVC2
120,GANG GANG,JACKBOYS,5898484,2020-01-03--2020-01-10,global,6uJONCdr2rC65BNmCnTBWK
121,Higher Love,Kygo,5897995,2020-01-03--2020-01-10,global,6oJ6le65B3SEqPwMRNXWjY
122,Liberdade Provisória,Henrique & Juliano,5884589,2020-01-03--2020-01-10,global,1vG3YuKRYqPwTmNmYgqkpg
123,Better Now,Post Malone,5835706,2020-01-03--2020-01-10,global,7dt6x5M1jzdTEt8oCbisTK
124,Eastside (with Halsey & Khalid),benny blanco,5800843,2020-01-03--2020-01-10,global,7FGq80cy8juXBCD2nrqdWU
125,Con Altura,ROSALÍA,5798744,2020-01-03--2020-01-10,global,2qG5sZ7Si6sdK74qLxedYM
126,ocean eyes,Billie Eilish,5786163,2020-01-03--2020-01-10,global,2uIX8YMNjGMD7441kqyyNU
127,High Hopes,Panic! At The Disco,5768634,2020-01-03--2020-01-10,global,1rqqCSm0Qe4I9rUvWncaom
128,Had Enough (feat. Quavo & Offset),Don Toliver,5748010,2020-01-03--2020-01-10,global,2jrAaawDRCn1JjeouxAyDN
129,Con Calma,Daddy Yankee,5731442,2020-01-03--2020-01-10,global,5w9c2J52mkdntKOmRLeM2m
130,Say You Won't Let Go,James Arthur,5640690,2020-01-03--2020-01-10,global,5uCax9HTNlzGybIStD3vDh
131,Stuck In A Dream (feat. Gunna),Lil Mosey,5602168,2020-01-03--2020-01-10,global,7iHHxY2NLlJRAmlAmC4ahQ
132,WHAT TO DO? (feat. Don Toliver),JACKBOYS,5586351,2020-01-03--2020-01-10,global,4AO1XhrgJczQ9bNVxdfKQe
133,223's (feat. 9lokknine),YNW Melly,5527005,2020-01-03--2020-01-10,global,29ZXwWOOLz9t5fa3eT3i7T
134,Get You The Moon (feat. Snøw),Kina,5515515,2020-01-03--2020-01-10,global,4ZLzoOkj0MPWrTLvooIuaa
135,TOES (feat. Lil Baby & Moneybagg Yo),DaBaby,5490617,2020-01-03--2020-01-10,global,2FvD20Z8aoWIePi7PoN8sG
136,Perfect,Ed Sheeran,5489844,2020-01-03--2020-01-10,global,0tgVpDi06FyKpA1z0VMD4v
137,Can We Kiss Forever?,Kina,5476249,2020-01-03--2020-01-10,global,58wyJLv6yH1La9NIZPl3ne
138,Take What You Want (feat. Ozzy Osbourne & Travis Scott),Post Malone,5429021,2020-01-03--2020-01-10,global,7CZyCXKG6d5ALeq41sLzbw
139,goosebumps,Travis Scott,5418773,2020-01-03--2020-01-10,global,6gBFPUFcJLzWGx4lenP6h2
140,Only Human,Jonas Brothers,5378933,2020-01-03--2020-01-10,global,0DiDStADDVh3SvAsoJAFMk
141,Que Calor (with J Balvin & El Alfa),Major Lazer,5346245,2020-01-03--2020-01-10,global,1G2CAJeP7rCwOZjlSJ0Zw3
142,Perreo en La Luna,Rich Music LTD,5336345,2020-01-03--2020-01-10,global,0RDgqtvOHLwcI6yz9bjsZV
143,Youngblood,5 Seconds of Summer,5309628,2020-01-03--2020-01-10,global,2iUXsYOEPhVqEBwsqP70rE
144,Talk (feat. Disclosure),Khalid,5300601,2020-01-03--2020-01-10,global,6TqXcAFInzjp0bODyvrWEq
145,If I Can't Have You,Shawn Mendes,5288287,2020-01-03--2020-01-10,global,2bT1PH7Cw3J9p3t7nlXCdh
146,Turn Me On (feat. Vula),Riton,5283499,2020-01-03--2020-01-10,global,0qaWEvPkts34WF68r8Dzx9
147,I Like Me Better,Lauv,5272672,2020-01-03--2020-01-10,global,2P91MQbaiQOfbiz9VqhqKQ
148,MIDDLE CHILD,J. Cole,5270874,2020-01-03--2020-01-10,global,2JvzF1RMd7lE3KmFlsyZD8
149,Legends,Juice WRLD,5254821,2020-01-03--2020-01-10,global,1Knctxx9vGZxpZfF66BIEa
150,"Writing on the Wall (feat. Post Malone, Cardi B & Rvssian)",French Montana,5229616,2020-01-03--2020-01-10,global,7ntUbTIwmwOD6ygCMRZT6e
151,Panini,Lil Nas X,5223320,2020-01-03--2020-01-10,global,1000nHvUdawXuUHgBod4Wv
152,Takeaway,The Chainsmokers,5220011,2020-01-03--2020-01-10,global,3g0mEQx3NTanacLseoP0Gw
153,Jocelyn Flores,XXXTENTACION,5191874,2020-01-03--2020-01-10,global,7m9OqQk4RVRkw9JJdeAw96
154,Otro Trago - Remix,Sech,5183774,2020-01-03--2020-01-10,global,4bTZeO72FwMa6wKOiqoynL
155,QUE PRETENDES,J Balvin,5169327,2020-01-03--2020-01-10,global,25ZAibhr3bdlMCLmubZDVt
156,Be Alright,Dean Lewis,5165291,2020-01-03--2020-01-10,global,5qrSlOut2rNAWv3ubArkNy
157,3 Nights,Dominic Fike,5161204,2020-01-03--2020-01-10,global,0uI7yAKUf52Cn7y3sYyjiX
158,The London (feat. J. Cole & Travis Scott),Young Thug,5159930,2020-01-03--2020-01-10,global,3s4mrPrEFFPF0LmAfutW0n
159,Maniac,Conan Gray,5130048,2020-01-03--2020-01-10,global,7hpJ9tATWb2vztlq99hERP
160,You Need To Calm Down,Taylor Swift,5096612,2020-01-03--2020-01-10,global,6RRNNciQGZEXnqk8SQ9yv5
161,Let Me Down Slowly,Alec Benjamin,5074871,2020-01-03--2020-01-10,global,2qxmye6gAegTMjLKEBoR3d
162,Don't Call Me Up,Mabel,5018303,2020-01-03--2020-01-10,global,5WHTFyqSii0lmT9R21abT8
163,Calma - Remix,Pedro Capó,4997293,2020-01-03--2020-01-10,global,5iwz1NiezX7WWjnCgY5TH4
164,all the good girls go to hell,Billie Eilish,4996483,2020-01-03--2020-01-10,global,6IRdLKIyS4p7XNiP8r6rsx
165,Moonlight,XXXTENTACION,4977474,2020-01-03--2020-01-10,global,0JP9xo3adEtGSdUEISiszL
166,11 PM,Maluma,4964819,2020-01-03--2020-01-10,global,7KbF6AdprOXEEHlsq11Z6d
167,SLOW DANCING IN THE DARK,Joji,4960550,2020-01-03--2020-01-10,global,0rKtyWc8bvkriBthvHKY8d
168,A Gente Fez Amor - Ao Vivo,Gusttavo Lima,4941326,2020-01-03--2020-01-10,global,3tv697PZNnaQN0Mn2zGhS5
169,VALENTINO,24kGoldn,4935492,2020-01-03--2020-01-10,global,6piAUJJQFD8oHDUr0b7l7q
170,All of Me,John Legend,4917170,2020-01-03--2020-01-10,global,3U4isOIWM3VvDubwSI3y7a
171,"DJ No Pare (feat. Zion, Dalex, Lenny Tavárez) - Remix",Justin Quiles,4906006,2020-01-03--2020-01-10,global,1ndyl3wJCFs872XZ3ztPk6
172,Pa' Olvidarme De Ella,Piso 21,4899254,2020-01-03--2020-01-10,global,1cVlW9WQiGlFdWUXFdFZGh
173,God's Plan,Drake,4889226,2020-01-03--2020-01-10,global,6DCZcSspjsKoFjzjrWoCdn
174,Closer,The Chainsmokers,4884880,2020-01-03--2020-01-10,global,7BKLCZ1jbUBVqRi2FVlTVw
175,FML,Arizona Zervas,4871181,2020-01-03--2020-01-10,global,6lruHh1jF7ezgbLv72xYmf
176,"fuck, i'm lonely (with Anne-Marie) - from “13 Reasons Why: Season 3”",Lauv,4856458,2020-01-03--2020-01-10,global,1DEkGXICCGLjDF7C65KBFw
177,Death,Trippie Redd,4853689,2020-01-03--2020-01-10,global,3Kd6Wp3lG5HXMB2dlvuy7y
178,I.F.L.Y.,Bazzi,4853397,2020-01-03--2020-01-10,global,4a6q8CR2hzLk2plDkSxkfD
179,2002,Anne-Marie,4842613,2020-01-03--2020-01-10,global,2BgEsaKNfHUdlh97KmvFyo
180,i'm so tired...,Lauv,4811985,2020-01-03--2020-01-10,global,6H568VnZWTitazwFTwVSd8
181,Something Just Like This,The Chainsmokers,4809650,2020-01-03--2020-01-10,global,6RUKPb4LETWmmr3iAEQktW
182,Post Malone (feat. RANI),Sam Feldt,4757574,2020-01-03--2020-01-10,global,36orMWv2PgvnzXsd5CJ0yL
183,GOODMORNINGTOKYO!,TOKYO’S REVENGE,4736004,2020-01-03--2020-01-10,global,0Q2n5yzl2XRqYbV77tZNYp
184,Roller,Apache 207,4732292,2020-01-03--2020-01-10,global,6hw1Sy9wZ8UCxYGdpKrU6M
185,All Girls Are The Same,Juice WRLD,4720010,2020-01-03--2020-01-10,global,4VXIryQMWpIdGgYR4TrjT1
186,Thunder,Imagine Dragons,4691500,2020-01-03--2020-01-10,global,1zB4vmk8tFRmM9UULNzbLB
187,Never Really Over,Katy Perry,4679948,2020-01-03--2020-01-10,global,5PYQUBXc7NYeI1obMKSJK0
188,"All I Want - From ""High School Musical: The Musical: The Series""",Olivia Rodrigo,4662781,2020-01-03--2020-01-10,global,4Yxc55NX3tAXC2mHRAhtcW
189,wish you were gay,Billie Eilish,4661616,2020-01-03--2020-01-10,global,3Fj47GNK2kUF0uaEDgXLaD
190,Start Wit Me (feat. Gunna),Roddy Ricch,4657820,2020-01-03--2020-01-10,global,7A20WnLkjtZU2d7hIB6Ziu
191,Going Bad (feat. Drake),Meek Mill,4655408,2020-01-03--2020-01-10,global,2IRZnDFmlqMuOrYOLnZZyc
192,"Taki Taki (feat. Selena Gomez, Ozuna & Cardi B)",DJ Snake,4629220,2020-01-03--2020-01-10,global,0KoiMHhqKLoL4xM54rcWYY
193,One Kiss (with Dua Lipa),Calvin Harris,4594157,2020-01-03--2020-01-10,global,7ef4DlsgrMEH11cDZd32M6
194,Photograph,Ed Sheeran,4591992,2020-01-03--2020-01-10,global,6fxVffaTuwjgEk5h9QyRjy
195,i love you,Billie Eilish,4580673,2020-01-03--2020-01-10,global,6CcJMwBtXByIz4zQLzFkKc
196,Infeliz,Arcangel,4550372,2020-01-03--2020-01-10,global,4z6wo6PJG4Fve45OXK6D9m
197,Fantasía,Ozuna,4543012,2020-01-03--2020-01-10,global,40rXWke6SnXiGkSmaT8ZUr
198,The Less I Know The Better,Tame Impala,4540179,2020-01-03--2020-01-10,global,6K4t31amVTZDgR3sKmwUJJ
199,Don't Stop Me Now - Remastered 2011,Queen,4531625,2020-01-03--2020-01-10,global,5T8EDUDqKcs6OSOwEsfqG7
200,Better,Khalid,4517102,2020-01-03--2020-01-10,global,6zeeWid2sgw4lap2jV61PZ
1,The Box,Roddy Ricch,18952305,2020-01-03--2020-01-10,us,0nbXyq5TXYPCO7pr3N8S4I
2,ROXANNE,Arizona Zervas,9671478,2020-01-03--2020-01-10,us,696DnlkuDOXcMAnKlTgXXK
3,Yummy,Justin Bieber,9648561,2020-01-03--2020-01-10,us,41L3O37CECZt3N7ziG2z7l
4,Circles,Post Malone,8244725,2020-01-03--2020-01-10,us,21jGcNKet2qwijlDFuPiPb
5,BOP,DaBaby,7985170,2020-01-03--2020-01-10,us,6Ozh9Ok6h4Oi1wUSLtBseN
6,Falling,Trevor Daniel,7503297,2020-01-03--2020-01-10,us,4TnjEaWOeW0eKTKIEvJyCa
7,Dance Monkey,Tones And I,6986158,2020-01-03--2020-01-10,us,1rgnBhdG2JDFTbYkYRZAku
8,Bandit (with YoungBoy Never Broke Again),Juice WRLD,6938158,2020-01-03--2020-01-10,us,6Gg1gjgKi2AK4e0qzsR7sd
9,Futsal Shuffle 2020,Lil Uzi Vert,6802710,2020-01-03--2020-01-10,us,2Ec33AVlkTTq8BHFgBTdQs
10,everything i wanted,Billie Eilish,6181388,2020-01-03--2020-01-10,us,3ZCTVFBt2Brf31RLEnCkWJ
11,Ballin' (with Roddy Ricch),Mustard,6166618,2020-01-03--2020-01-10,us,3QzAOrNlsabgbMwlZt7TAY
12,Blinding Lights,The Weeknd,6093807,2020-01-03--2020-01-10,us,0sf12qNH5qcw8qpgymFOqD
13,Adore You,Harry Styles,5918797,2020-01-03--2020-01-10,us,3jjujdWJ72nww5eGnfs2E7
14,Suicidal,YNW Melly,5880355,2020-01-03--2020-01-10,us,1iSqfoUFnQwV0QW1EfUit8
15,My Oh My (feat. DaBaby),Camila Cabello,5680153,2020-01-03--2020-01-10,us,3yOlyBJuViE2YSGn3nVE1K
16,Don't Start Now,Dua Lipa,5216621,2020-01-03--2020-01-10,us,6WrI0LAC5M1Rw2MnX2ZvEg
17,No Idea,Don Toliver,4922350,2020-01-03--2020-01-10,us,3VyjsVV24RmBIbWJAeUJNu
18,hot girl bummer,blackbear,4897726,2020-01-03--2020-01-10,us,7aiClxsDWFRQ0Kzk5KI5ku
19,VIBEZ,DaBaby,4809631,2020-01-03--2020-01-10,us,0fySG6A6qLE8IvDpayb5bM
20,Watermelon Sugar,Harry Styles,4793358,2020-01-03--2020-01-10,us,6UelLqGlWMcVH1E5c4H7lY
21,Heartless,The Weeknd,4784585,2020-01-03--2020-01-10,us,57vxBYXtHMk6H1aD29V7PU
22,OUT WEST (feat. Young Thug),JACKBOYS,4750318,2020-01-03--2020-01-10,us,6gi6y1xwmVszDWkUqab1qw
23,Sunflower - Spider-Man: Into the Spider-Verse,Post Malone,4700611,2020-01-03--2020-01-10,us,0RiRZpuVRbi7oqRdSMwhQY
24,HIGHEST IN THE ROOM,Travis Scott,4640947,2020-01-03--2020-01-10,us,3eekarcy7kvN4yt5ZFzltW
25,Someone You Loved,Lewis Capaldi,4604720,2020-01-03--2020-01-10,us,7qEHsqek33rTcFNT9PFqLf
26,Woah,Lil Baby,4528520,2020-01-03--2020-01-10,us,598yNsG1JFrGd4n2kMoz7F
27,Memories,Maroon 5,4510361,2020-01-03--2020-01-10,us,2b8fOow8UzyDFAE27YhOZM
28,Lose You To Love Me,Selena Gomez,4291918,2020-01-03--2020-01-10,us,1HfMVBKM75vxSfsQ5VefZ5
29,SUGAR,BROCKHAMPTON,4290774,2020-01-03--2020-01-10,us,6U0FIYXCQ3TGrk4tFpLrEA
30,Lucid Dreams,Juice WRLD,4068069,2020-01-03--2020-01-10,us,285pBltuF7vW8TeWk8hdRR
31,Suge,DaBaby,4012729,2020-01-03--2020-01-10,us,2gwkD6igEhQbDQegRCcdoB
32,Say So,Doja Cat,3895584,2020-01-03--2020-01-10,us,3Dv1eDb0MEgF93GpLXlucZ
33,Robbery,Juice WRLD,3857669,2020-01-03--2020-01-10,us,6Hj9jySrnFppAI0sEMCZpJ
34,bad guy,Billie Eilish,3830917,2020-01-03--2020-01-10,us,2Fxmhks0bxGSBdJ92vM42m
35,HIGHEST IN THE ROOM (feat. ROSALÍA & Lil Baby) - REMIX,Travis Scott,3735347,2020-01-03--2020-01-10,us,7h0d2h0fUmzbs7zeFigJPn
36,"Writing on the Wall (feat. Post Malone, Cardi B & Rvssian)",French Montana,3695717,2020-01-03--2020-01-10,us,7ntUbTIwmwOD6ygCMRZT6e
37,Ransom,Lil Tecca,3657828,2020-01-03--2020-01-10,us,1lOe9qE0vR9zwWQAOk6CoO
38,TOES (feat. Lil Baby & Moneybagg Yo),DaBaby,3492249,2020-01-03--2020-01-10,us,2FvD20Z8aoWIePi7PoN8sG
39,Truth Hurts,Lizzo,3433280,2020-01-03--2020-01-10,us,5qmq61DAAOUaW8AUo8xKhh
40,223's (feat. 9lokknine),YNW Melly,3424197,2020-01-03--2020-01-10,us,29ZXwWOOLz9t5fa3eT3i7T
41,Hot (Remix) [feat. Gunna and Travis Scott],Young Thug,3421786,2020-01-03--2020-01-10,us,4ea9w8c4ROqiZpJVhfBA3m
42,Falling,Harry Styles,3415708,2020-01-03--2020-01-10,us,1ZMiCix7XSAbfAJlEZWMCp
43,"10,000 Hours (with Justin Bieber)",Dan + Shay,3355067,2020-01-03--2020-01-10,us,2wrJq5XKLnmhRXHIAf9xBa
44,Stuck In A Dream (feat. Gunna),Lil Mosey,3316362,2020-01-03--2020-01-10,us,7iHHxY2NLlJRAmlAmC4ahQ
45,Money In The Grave (Drake ft. Rick Ross),Drake,3314636,2020-01-03--2020-01-10,us,5ry2OE6R2zPQFDO85XkgRb
46,Señorita,Shawn Mendes,3289924,2020-01-03--2020-01-10,us,6v3KW9xbzN5yKLt9YKDYA2
47,Goodbyes (Feat. Young Thug),Post Malone,3266958,2020-01-03--2020-01-10,us,6vBdBCoOhKHiYDDOcorfNo
48,No Guidance (feat. Drake),Chris Brown,3216358,2020-01-03--2020-01-10,us,6XHVuErjQ4XNm6nDPVCxVX
49,Death,Trippie Redd,3176458,2020-01-03--2020-01-10,us,3Kd6Wp3lG5HXMB2dlvuy7y
50,Start Wit Me (feat. Gunna),Roddy Ricch,3156095,2020-01-03--2020-01-10,us,7A20WnLkjtZU2d7hIB6Ziu
51,MIDDLE CHILD,J. Cole,3031578,2020-01-03--2020-01-10,us,2JvzF1RMd7lE3KmFlsyZD8
52,Wow.,Post Malone,3020295,2020-01-03--2020-01-10,us,7xQAfvXzm3AkraOtGPWIZg
53,Yellow Hearts,Ant Saunders,3019176,2020-01-03--2020-01-10,us,2W4yABdLc4Jnds67Poi5Nl
54,Had Enough (feat. Quavo & Offset),Don Toliver,3012901,2020-01-03--2020-01-10,us,2jrAaawDRCn1JjeouxAyDN
55,Make No Sense,YoungBoy Never Broke Again,2938857,2020-01-03--2020-01-10,us,6klLvorLoo1sxvZcjJIY8I
56,July,Noah Cyrus,2876332,2020-01-03--2020-01-10,us,5a6pdCHlWS2ekOOQ70QnAr
57,ORANGE SODA,Baby Keem,2862847,2020-01-03--2020-01-10,us,5FkoSXiJPKTNyYgALRJFhD
58,GOODMORNINGTOKYO!,TOKYO’S REVENGE,2824898,2020-01-03--2020-01-10,us,0Q2n5yzl2XRqYbV77tZNYp
59,Camelot,NLE Choppa,2803556,2020-01-03--2020-01-10,us,4sWuPniHClkInYAnzXAYUF
60,when the party's over,Billie Eilish,2797897,2020-01-03--2020-01-10,us,43zdsphuZLzwA9k4DJhU0I
61,Peta (feat. Meek Mill),Roddy Ricch,2797486,2020-01-03--2020-01-10,us,4bl1HBZliBuYpFZjWgefE4
62,Tip Toe (feat. A Boogie Wit da Hoodie),Roddy Ricch,2765353,2020-01-03--2020-01-10,us,6ztvsy3C6hPjVg9j4x1XKJ
63,High Fashion (feat. Mustard),Roddy Ricch,2733491,2020-01-03--2020-01-10,us,07KXEDMj78x68D884wgVEm
64,All Girls Are The Same,Juice WRLD,2717356,2020-01-03--2020-01-10,us,4VXIryQMWpIdGgYR4TrjT1
65,Tusa,KAROL G,2672855,2020-01-03--2020-01-10,us,7k4t7uLgtOxPwTpFmtJNTY
66,Lights Up,Harry Styles,2641202,2020-01-03--2020-01-10,us,4jAIqgrPjKLTY9Gbez25Qb
67,Baby (Lil Baby feat. DaBaby),Quality Control,2630443,2020-01-03--2020-01-10,us,5MPPttjfGap2C6j6eKcO6J
68,Legends,Juice WRLD,2605382,2020-01-03--2020-01-10,us,1Knctxx9vGZxpZfF66BIEa
69,"All I Want - From ""High School Musical: The Musical: The Series""",Olivia Rodrigo,2592546,2020-01-03--2020-01-10,us,4Yxc55NX3tAXC2mHRAhtcW
70,Take What You Want (feat. Ozzy Osbourne & Travis Scott),Post Malone,2577807,2020-01-03--2020-01-10,us,7CZyCXKG6d5ALeq41sLzbw
71,If the World Was Ending - feat. Julia Michaels,JP Saxe,2569283,2020-01-03--2020-01-10,us,2kJwzbxV2ppxnQoYw4GLBZ
72,SLOW DANCING IN THE DARK,Joji,2563355,2020-01-03--2020-01-10,us,0rKtyWc8bvkriBthvHKY8d
73,VALENTINO,24kGoldn,2541856,2020-01-03--2020-01-10,us,6piAUJJQFD8oHDUr0b7l7q
74,Hate Me (with Juice WRLD),Ellie Goulding,2529323,2020-01-03--2020-01-10,us,6kls8cSlUyHW2BUOkDJIZE
75,Pop Out (feat. Lil Tjay),Polo G,2516935,2020-01-03--2020-01-10,us,6uFn47ACjqYkc0jADwEdj1
76,lovely (with Khalid),Billie Eilish,2491248,2020-01-03--2020-01-10,us,0u2P5u6lvoDfwTYjAADbn4
77,Before You Go,Lewis Capaldi,2486978,2020-01-03--2020-01-10,us,2gMXnyrvIjhVBUZwvLZDMP
78,SICKO MODE,Travis Scott,2478652,2020-01-03--2020-01-10,us,2xLMifQCjDGFmkHkpNLD9h
79,Into the Unknown,Idina Menzel,2474739,2020-01-03--2020-01-10,us,3Z0oQ8r78OUaHvGPiDBR3W
80,The London (feat. J. Cole & Travis Scott),Young Thug,2472173,2020-01-03--2020-01-10,us,3s4mrPrEFFPF0LmAfutW0n
81,Murder On My Mind,YNW Melly,2451476,2020-01-03--2020-01-10,us,7eBqSVxrzQZtK2mmgRG6lC
82,Vete,Bad Bunny,2423803,2020-01-03--2020-01-10,us,5DxXgozhkPLgrbKFY91w0c
83,7 rings,Ariana Grande,2413328,2020-01-03--2020-01-10,us,6ocbgoVGwYJhOv1GgI9NsF
84,Drip Too Hard (Lil Baby & Gunna),Lil Baby,2411621,2020-01-03--2020-01-10,us,78QR3Wp35dqAhFEc2qAGjE
85,Going Bad (feat. Drake),Meek Mill,2394477,2020-01-03--2020-01-10,us,2IRZnDFmlqMuOrYOLnZZyc
86,Graveyard,Halsey,2391061,2020-01-03--2020-01-10,us,6V9fHiv84WlVTg7CSnIVY2
87,WHAT TO DO? (feat. Don Toliver),JACKBOYS,2390464,2020-01-03--2020-01-10,us,4AO1XhrgJczQ9bNVxdfKQe
88,Let Me Know (I Wonder Why Freestyle),Juice WRLD,2386871,2020-01-03--2020-01-10,us,3wwo0bJvDSorOpNfzEkfXx
89,How Do You Sleep?,Sam Smith,2353037,2020-01-03--2020-01-10,us,6b2RcmUt1g9N9mQ3CbjX2Y
90,GANG GANG,JACKBOYS,2342997,2020-01-03--2020-01-10,us,6uJONCdr2rC65BNmCnTBWK
91,Beautiful People (feat. Khalid),Ed Sheeran,2342650,2020-01-03--2020-01-10,us,70eFcWOvlMObDhURTqT4Fv
92,F.N,Lil Tjay,2297296,2020-01-03--2020-01-10,us,0RLLvYBopDwooCyvnTwgYu
93,Maniac,Conan Gray,2275101,2020-01-03--2020-01-10,us,7hpJ9tATWb2vztlq99hERP
94,RITMO (Bad Boys For Life),Black Eyed Peas,2274853,2020-01-03--2020-01-10,us,6cy3ki60hLwimwIje7tALf
95,Enemies (feat. DaBaby),Post Malone,2261666,2020-01-03--2020-01-10,us,0Xek5rqai2jcOWCYWJfVCF
96,Trampoline (with ZAYN),SHAED,2239963,2020-01-03--2020-01-10,us,1iQDltZqI7BXnHrFy4Qo1k
97,Swervin (feat. 6ix9ine),A Boogie Wit da Hoodie,2236954,2020-01-03--2020-01-10,us,1wJRveJZLSb1rjhnUHQiv6
98,EARFQUAKE,"Tyler, The Creator",2226222,2020-01-03--2020-01-10,us,5hVghJ4KaYES3BFUATCYn0
99,6 Kiss,Trippie Redd,2225448,2020-01-03--2020-01-10,us,7tgjDlQsMR8RvkdlNCJA58
100,Up All Night,Khalid,2221247,2020-01-03--2020-01-10,us,1mpD5Q8IM32I4bF6eCpU74
101,Hot (feat. Gunna),Young Thug,2216922,2020-01-03--2020-01-10,us,5Z8HZM6iQMhhqyPcCGY5g9
102,FML,Arizona Zervas,2216270,2020-01-03--2020-01-10,us,6lruHh1jF7ezgbLv72xYmf
103,SAD!,XXXTENTACION,2215949,2020-01-03--2020-01-10,us,3ee8Jmje8o58CHK66QrVC2
104,Panini,Lil Nas X,2207112,2020-01-03--2020-01-10,us,1000nHvUdawXuUHgBod4Wv
105,20/20,Lil Tjay,2200712,2020-01-03--2020-01-10,us,4Hqh0dS4x07zuRw6eBTO7p
106,Lalala,Y2K,2188817,2020-01-03--2020-01-10,us,51Fjme0JiitpyXKuyQiCDo
107,rockstar (feat. 21 Savage),Post Malone,2185027,2020-01-03--2020-01-10,us,0e7ipj03S05BNilyu5bRzt
108,Heartless (feat. Morgan Wallen),Diplo,2171386,2020-01-03--2020-01-10,us,0rFQ5cKYJ9WtHSKp9sxVYt
109,Talk (feat. Disclosure),Khalid,2160183,2020-01-03--2020-01-10,us,6TqXcAFInzjp0bODyvrWEq
110,Juicy,Doja Cat,2156099,2020-01-03--2020-01-10,us,7f5trao56t7sB7f14QDTmp
111,One Man Band,Old Dominion,2153703,2020-01-03--2020-01-10,us,08dFHFTx6r67MTsYn5ilDR
112,Cash Shit (feat. DaBaby),Megan Thee Stallion,2138913,2020-01-03--2020-01-10,us,2rMAtCaTj16NptyVfEIeAC
113,I Fall Apart,Post Malone,2132837,2020-01-03--2020-01-10,us,75ZvA4QfFiZvzhj2xkaWAh
114,Heart On Ice,Rod Wave,2127729,2020-01-03--2020-01-10,us,6fWa5CRgy0z30OeGZyMBvD
115,I Don't Care (with Justin Bieber),Ed Sheeran,2127256,2020-01-03--2020-01-10,us,0hVXuCcriWRGvwMV1r5Yn9
116,Better Now,Post Malone,2120560,2020-01-03--2020-01-10,us,7dt6x5M1jzdTEt8oCbisTK
117,Good as Hell (feat. Ariana Grande) - Remix,Lizzo,2090569,2020-01-03--2020-01-10,us,07Oz5StQ7GRoygNLaXs2pd
118,Jocelyn Flores,XXXTENTACION,2079614,2020-01-03--2020-01-10,us,7m9OqQk4RVRkw9JJdeAw96
119,Hop Off A Jet (feat. Travis Scott),Young Thug,2069663,2020-01-03--2020-01-10,us,3RZftiuTcLOqpsd8ZlwNhr
120,Sucker,Jonas Brothers,2062198,2020-01-03--2020-01-10,us,22vgEDb5hykfaTwLuskFGD
121,Immortal,21 Savage,2060196,2020-01-03--2020-01-10,us,4IO8X9W69dIQe0EC5ALXhq
122,Somebody,Internet Money,2050934,2020-01-03--2020-01-10,us,735RSTb2xbtWbDtKD9XDYi
123,Old Town Road - Remix,Lil Nas X,2047952,2020-01-03--2020-01-10,us,2YpeDb67231RjR0MgVLzsG
124,Armed And Dangerous,Juice WRLD,2038884,2020-01-03--2020-01-10,us,5wujBwqG7INdStqGd4tRMX
125,Happier,Marshmello,2020294,2020-01-03--2020-01-10,us,2dpaYNEQHiRxtZbfNsse99
126,South of the Border (feat. Camila Cabello & Cardi B),Ed Sheeran,2014407,2020-01-03--2020-01-10,us,4vUmTMuQqjdnvlZmAH61Qk
127,Sanguine Paradise,Lil Uzi Vert,1994385,2020-01-03--2020-01-10,us,3XiNC94b4Tq1xwv70sQJGN
128,Mean It,Lauv,1964965,2020-01-03--2020-01-10,us,5ACkb3CikcSZPF0h7FSZAp
129,Ransom (with Juice WRLD) - Remix,Lil Tecca,1961745,2020-01-03--2020-01-10,us,2WsuSYJNXGKXVYkHPnq2yp
130,One Thing Right,Marshmello,1961556,2020-01-03--2020-01-10,us,4hPpVbbakQNv8YTHYaOJP4
131,Lean Wit Me,Juice WRLD,1937592,2020-01-03--2020-01-10,us,3oDkdAySo1VQQG0ptV7uwa
132,It's You,Ali Gatie,1934314,2020-01-03--2020-01-10,us,5DqdesEfbRyOlSS3Tf6c29
133,ocean eyes,Billie Eilish,1933838,2020-01-03--2020-01-10,us,2uIX8YMNjGMD7441kqyyNU
134,Without Me,Halsey,1929725,2020-01-03--2020-01-10,us,5p7ujcrUXASCNwRaWNHR1C
135,XO Tour Llif3,Lil Uzi Vert,1895957,2020-01-03--2020-01-10,us,7GX5flRQZVHRAGd6B4TmDO
136,goosebumps,Travis Scott,1894675,2020-01-03--2020-01-10,us,6gBFPUFcJLzWGx4lenP6h2
137,Eastside (with Halsey & Khalid),benny blanco,1888969,2020-01-03--2020-01-10,us,7FGq80cy8juXBCD2nrqdWU
138,UP THE SMOKE (with Offset),Stunna 4 Vegas,1887998,2020-01-03--2020-01-10,us,09TZsMHXEtQkdmMJZPLKup
139,Panini - DaBaby Remix,Lil Nas X,1880826,2020-01-03--2020-01-10,us,4SDgTLDYrJ2UrHbkRkg7MD
140,Hot Shower,Chance the Rapper,1866354,2020-01-03--2020-01-10,us,00ko9WaS4jOX1kEk3gvHjf
141,Speechless,Dan + Shay,1857357,2020-01-03--2020-01-10,us,3GJ4hzg4lrGwU51Y3VARbF
142,BEST ON EARTH (feat. BIA) - Bonus,Russ,1830709,2020-01-03--2020-01-10,us,2Xo3rLHjXfdb4avN68aQyi
143,Look At Her Now,Selena Gomez,1830560,2020-01-03--2020-01-10,us,4yI3HpbSFSgFZtJP2kDe5m
144,"thank u, next",Ariana Grande,1828075,2020-01-03--2020-01-10,us,3e9HZxeyfWwjeyPAMmWSSQ
145,Beautiful Crazy,Luke Combs,1808229,2020-01-03--2020-01-10,us,2rxQMGVafnNaRaXlRMWPde
146,Love Me More,Trippie Redd,1806170,2020-01-03--2020-01-10,us,6uYgCE2OEulOw5zhHvZsHf
147,Pure Water (with Migos),Mustard,1798911,2020-01-03--2020-01-10,us,3j84U36KvLeXNDPv4t5pI8
148,Better,Khalid,1796037,2020-01-03--2020-01-10,us,6zeeWid2sgw4lap2jV61PZ
149,Moonlight,XXXTENTACION,1793977,2020-01-03--2020-01-10,us,0JP9xo3adEtGSdUEISiszL
150,Did It Again,Lil Tecca,1774350,2020-01-03--2020-01-10,us,4guBZjUyrGoHsTahO3IHdj
151,Fuck Love (feat. Trippie Redd),XXXTENTACION,1773677,2020-01-03--2020-01-10,us,7AQim7LbvFVZJE3O8TYgf2
152,You Need To Calm Down,Taylor Swift,1770274,2020-01-03--2020-01-10,us,6RRNNciQGZEXnqk8SQ9yv5
153,How I Move (feat. Lil Baby),Flipp Dinero,1765285,2020-01-03--2020-01-10,us,14X1WxiHXdVRJ99cMCBzOE
154,The Less I Know The Better,Tame Impala,1761497,2020-01-03--2020-01-10,us,6K4t31amVTZDgR3sKmwUJJ
155,Shotta Flow (feat. Blueface) [Remix],NLE Choppa,1754671,2020-01-03--2020-01-10,us,5BJMeoCXXgbRAWfp6fTulr
156,bury a friend,Billie Eilish,1754439,2020-01-03--2020-01-10,us,4SSnFejRGlZikf02HLewEF
157,Bad Bad Bad (feat. Lil Baby),Young Thug,1750891,2020-01-03--2020-01-10,us,1GeNui6m825V8jP4uKiIaH
158,Envy Me,Calboy,1738168,2020-01-03--2020-01-10,us,7rvyVWja33WG9R97oeJAjx
159,Slide,H.E.R.,1727758,2020-01-03--2020-01-10,us,2rTnVB1bvwxHtaIl4uVu7f
160,Faucet Failure,Ski Mask The Slump God,1725406,2020-01-03--2020-01-10,us,1ThmUihH9dF8EV08ku5AXN
161,Millions,Young Thug,1712574,2020-01-03--2020-01-10,us,43YQDj1KOPMFAUcTEPKy4p
162,GATTI,JACKBOYS,1710996,2020-01-03--2020-01-10,us,40mjsnRjCpycdUw3xhS20g
163,Good as Hell,Lizzo,1703493,2020-01-03--2020-01-10,us,3Yh9lZcWyKrK9GjbhuS0hR
164,Famous Hoes,NLE Choppa,1702982,2020-01-03--2020-01-10,us,35Xf2ABjPzUXKz19akd7Jj
165,Graduation (with Juice WRLD),benny blanco,1701543,2020-01-03--2020-01-10,us,6cjSh516BbrNUs213jDAGm
166,High Hopes,Panic! At The Disco,1679097,2020-01-03--2020-01-10,us,1rqqCSm0Qe4I9rUvWncaom
167,Best Part (feat. Daniel Caesar),H.E.R.,1677395,2020-01-03--2020-01-10,us,4OBZT9EnhYIV17t4pGw7ig
168,Yes Indeed,Lil Baby,1673212,2020-01-03--2020-01-10,us,6vN77lE9LK6HP2DewaN6HZ
169,LA CANCIÓN,J Balvin,1672707,2020-01-03--2020-01-10,us,0fea68AdmYNygeTGI4RC18
170,Cherry,Harry Styles,1671575,2020-01-03--2020-01-10,us,2IOFZdYYkFxEHVz1w34PoL
171,Whiskey Glasses,Morgan Wallen,1667730,2020-01-03--2020-01-10,us,6foY66mWZN0pSRjZ408c00
172,Callaita,Bad Bunny,1664198,2020-01-03--2020-01-10,us,2TH65lNHgvLxCKXM3apjxI
173,Nice To Meet Ya,Niall Horan,1662491,2020-01-03--2020-01-10,us,3cphb8kdsjElYR7r5icK3H
174,Golden,Harry Styles,1662339,2020-01-03--2020-01-10,us,45S5WTQEGOB1VHr1Q4FuPl
175,i love you,Billie Eilish,1659022,2020-01-03--2020-01-10,us,6CcJMwBtXByIz4zQLzFkKc
176,I Like Me Better,Lauv,1655038,2020-01-03--2020-01-10,us,2P91MQbaiQOfbiz9VqhqKQ
177,HUMBLE.,Kendrick Lamar,1652721,2020-01-03--2020-01-10,us,7KXjTSCq5nL1LoYtL7XAwS
178,Noticed,Lil Mosey,1644937,2020-01-03--2020-01-10,us,7zLYKWcXnYeHHWidalz7rj
179,Dancing With A Stranger (with Normani),Sam Smith,1636721,2020-01-03--2020-01-10,us,6Qs4SXO9dwPj5GKvVOv8Ki
180,Congratulations,Post Malone,1629193,2020-01-03--2020-01-10,us,3a1lNhkSLSkpJE4MSHpDu9
181,a lot,21 Savage,1623125,2020-01-03--2020-01-10,us,2t8yVaLvJ0RenpXUIAC52d
182,My Type,Saweetie,1615307,2020-01-03--2020-01-10,us,5KBARWIxeMGkvUax9VtVC9
183,Tequila,Dan + Shay,1597512,2020-01-03--2020-01-10,us,42fw0rxRO2xbesF6mJfd4Y
184,I.F.L.Y.,Bazzi,1592721,2020-01-03--2020-01-10,us,4a6q8CR2hzLk2plDkSxkfD
185,God's Plan,Drake,1590238,2020-01-03--2020-01-10,us,6DCZcSspjsKoFjzjrWoCdn
186,Ayy Macarena,Tyga,1588417,2020-01-03--2020-01-10,us,6LcauUZjF1eXQrgqMUecHX
187,No Role Modelz,J. Cole,1581125,2020-01-03--2020-01-10,us,62vpWI1CHwFy7tMIcSStl8
188,Chanel,Frank Ocean,1578678,2020-01-03--2020-01-10,us,6Nle9hKrkL1wQpwNfEkxjh
189,Saint-Tropez,Post Malone,1573863,2020-01-03--2020-01-10,us,05mDaV9Vb3wrzjF6OPZnhq
190,wish you were gay,Billie Eilish,1567567,2020-01-03--2020-01-10,us,3Fj47GNK2kUF0uaEDgXLaD
191,20 Min,Lil Uzi Vert,1565590,2020-01-03--2020-01-10,us,0uxSUdBrJy9Un0EYoBowng
192,"Baguettes in the Face (feat. NAV, Playboi Carti & A Boogie Wit da Hoodie)",Mustard,1565352,2020-01-03--2020-01-10,us,2zjGJ0dChMR0KxBZS15aqo
193,Follow God,Kanye West,1559592,2020-01-03--2020-01-10,us,2QpGZOhTCHHiKmpSO9FW4h
194,Never Seen the Rain,Tones And I,1556276,2020-01-03--2020-01-10,us,2grAr8pWMuLWn8ZYEE9wDV
195,Hollywood's Bleeding,Post Malone,1556013,2020-01-03--2020-01-10,us,7sWRlDoTDX8geTR8zzr2vt
196,I,Lil Skies,1547924,2020-01-03--2020-01-10,us,4ZT9FnbFu1PaBfV3itxiqT
197,Love Me,Lil Tecca,1542802,2020-01-03--2020-01-10,us,4e0FYxSROat25pH16zMTZI
198,Young Dumb & Broke,Khalid,1542419,2020-01-03--2020-01-10,us,5Z3GHaZ6ec9bsiI5BenrbY
199,Youngblood,5 Seconds of Summer,1541047,2020-01-03--2020-01-10,us,2iUXsYOEPhVqEBwsqP70rE
200,LOYAL (feat. Drake),PARTYNEXTDOOR,1536996,2020-01-03--2020-01-10,us,5bvnqVuq7UFl0txSlHpsfS
